trait,family,sensitivity,spearman_dice_vs_error,median_err,worst_at_dice99,median_err_at_dice99
n_components,topology,891.5553103445243,-0.19188080467254087,1.0,35.0,0.5
convex_hull_area,area,45.25205846014905,-0.5005159831988907,0.03440761555224223,2.175960748175637,0.0004631666705263889
n_holes,topology,27.46324525370909,-0.6135041781009045,0.25,1.0,0.0
bounding_depth,area,21.086605910462243,-0.5091375400505964,0.010256410256410256,1.1704545454545454,0.0
n_tips,topology,15.43374940121866,-0.4597426925617417,0.18181818181818182,0.5384615384615384,0.06666666666666667
n_branch_points,topology,13.27055192443653,-0.7192440100568233,0.1774193548387097,0.6216216216216216,0.11428571428571428
bounding_width,area,11.539240397589456,-0.5142738552016312,0.014825553564834443,0.8578431372549019,0.0
total_length,length,3.731042304071445,-0.7363858687864033,0.060121016538926986,0.11774461028192372,0.02959830866807611
mean_diameter,length,3.4259105164195844,-0.9213415400075367,0.0853860495019258,0.091386771002279,0.017358662089935955
fractal_dimension,scaling,3.3985323601324424,-0.740488815917136,0.028214338117608033,0.21509080203996442,0.0038945519987400676
pixel_area,area,2.0743318672801574,-0.9905476670637858,0.0672938029276353,0.019415532425940754,0.006405124099279423
lacunarity,scaling,1.8080574269417715,-0.9617994867837852,0.06228181728504168,0.028276720859244854,0.008202596146082354
