mask,degradation,severity,dice,err_pixel_area,err_convex_hull_area,err_bounding_depth,err_bounding_width,err_total_length,err_mean_diameter,err_n_tips,err_n_branch_points,err_n_components,err_n_holes,err_fractal_dimension,err_lacunarity
0,boundary_erode,0.0,1.0,0.0,0.0,0.0,0.0,0.0,0.0,0.0,0.0,0.0,0.0,0.0,0.0
0,boundary_erode,-1.0,0.8142909625275533,0.31324554608830363,0.016324502045341593,0.008547008547008548,0.006920415224913495,0.00966183574879227,0.30654550263550656,0.0,0.17721518987341772,0.0,0.5,0.045833288230132614,0.210067509960206
0,boundary_erode,-2.0,0.5918411867364747,0.579705654531371,0.243892648239477,0.2094017094017094,0.1314878892733564,0.38454106280193234,0.3171041639559954,0.0625,0.810126582278481,2.5,1.0,0.10389627153849768,0.7058567552565284
0,boundary_erode,-3.0,0.3956754069839692,0.7533694810224633,0.3605726956455251,0.2777777777777778,0.19377162629757785,0.5951690821256038,0.39078141493615615,0.375,0.9240506329113924,2.5,1.0,0.17699630625990329,1.3042561127150385
0,boundary_erode,-4.0,0.22762218561230094,0.8715724244771494,0.5755629468211186,0.49572649572649574,0.2629757785467128,0.7140096618357488,0.5509373626143572,0.25,0.9113924050632911,5.0,1.0,0.2459734065339816,1.882593655390812
0,boundary_erode,-5.0,0.08029739776951673,0.9581719597211464,0.6581603394884734,0.5128205128205128,0.33217993079584773,0.7661835748792271,0.8211073483941592,0.25,1.0,2.0,1.0,0.3465404770857939,2.3777383769048464
0,boundary_dilate,0.0,1.0,0.0,0.0,0.0,0.0,0.0,0.0,0.0,0.0,0.0,0.0,0.0,0.0
0,boundary_dilate,1.0,0.8674326412685615,0.3056545313710302,0.012520548992621477,0.004273504273504274,0.006920415224913495,0.05314009661835749,0.3789310611928737,0.0,0.16455696202531644,0.0,0.3333333333333333,0.03707665323527271,0.08831723593993374
0,boundary_dilate,2.0,0.7701485414305316,0.5969016266460109,0.025079328669189892,0.008547008547008548,0.01384083044982699,0.07922705314009662,0.7343055441538522,0.0,0.25316455696202533,0.0,0.5,0.07031612217499662,0.14531602719156633
0,boundary_dilate,3.0,0.6950201884253028,0.8776142525174283,0.03767633902970524,0.01282051282051282,0.020761245674740483,0.15942028985507245,1.2337135073052166,0.125,0.5063291139240507,0.0,0.6666666666666666,0.10141002528791726,0.1923059733319837
0,boundary_dilate,4.0,0.635960591133005,1.144848954298993,0.05031158007416753,0.017094017094017096,0.02768166089965398,0.1681159420289855,1.578302749941298,0.125,0.5316455696202531,0.0,0.8333333333333334,0.11577371055242963,0.23657116464407188
0,boundary_dilate,5.0,0.5867115069987275,1.408830364058869,0.06298505180257674,0.021367521367521368,0.03460207612456748,0.15845410628019324,1.862387401608415,0.375,0.5822784810126582,0.0,0.6666666666666666,0.13860844362535332,0.27645977732861676
0,junction_break,0.0,1.0,0.0,0.0,0.0,0.0,0.0,0.0,0.0,0.0,0.0,0.0,0.0,0.0
0,junction_break,0.1,0.9864175237497056,0.026800929512006195,0.0,0.0,0.0,0.025120772946859903,0.0017234509860519951,0.8125,0.3291139240506329,3.5,0.5,0.002670873082009298,0.00810791438113249
0,junction_break,0.2,0.9759657333227572,0.04694035631293571,0.0,0.0,0.0,0.035748792270531404,0.011606481747383188,1.375,0.43037974683544306,8.5,0.8333333333333334,0.005042567039644828,0.024332284269082606
0,junction_break,0.4,0.9635517019910084,0.07033307513555384,0.0,0.0,0.0,0.06666666666666667,0.003928294788093442,2.5,0.4936708860759494,11.0,1.0,0.008561922597913753,0.030938197993733662
0,junction_break,0.6,0.9521954386819251,0.09124709527498064,0.0,0.0,0.0,0.07053140096618357,0.022287675269859638,2.5,0.46835443037974683,14.0,0.5,0.010310485122403687,0.044732706996447394
0,junction_break,0.8,0.9479260044006194,0.09899302865995352,0.0,0.0,0.0,0.08792270531400966,0.012137483753232967,3.0625,0.46835443037974683,14.0,0.8333333333333334,0.012033057465025095,0.05007756542971318
0,thin_dropout,0.0,1.0,0.0,0.0,0.0,0.0,0.0,0.0,0.0,0.0,0.0,0.0,0.0,0.0
0,thin_dropout,0.05,0.9968140492656772,0.0063516653756777695,0.0,0.0,0.0,0.01642512077294686,0.01024167616519983,0.0625,0.12658227848101267,0.0,0.16666666666666666,0.00157604875236956,0.005585485300036575
0,thin_dropout,0.1,0.9927440118592494,0.014407436096049574,0.0,0.0,0.0,0.035748792270531404,0.022132568778144998,0.125,0.2911392405063291,0.0,0.3333333333333333,0.0038945519987400676,0.011301979770566984
0,thin_dropout,0.2,0.9807358282014843,0.0378001549186677,0.007741713499254501,0.0,0.006920415224913495,0.08309178743961353,0.04939603757553102,0.25,0.3670886075949367,0.0,0.3333333333333333,0.009250389230809017,0.04401266828504861
0,thin_dropout,0.3,0.9696727853152434,0.05886909372579396,0.03113889207477922,0.0,0.02768166089965398,0.13140096618357489,0.08350443603315157,0.375,0.5569620253164557,0.0,0.5,0.015883979940450297,0.07122769846533787
0,thin_dropout,0.4,0.9433622524144705,0.10720371804802478,0.08984210727529915,0.0,0.11072664359861592,0.2289855072463768,0.1579500649377122,0.5,0.620253164556962,0.5,0.5,0.016112775319144727,0.16130691900708324
0,speckle,0.0,1.0,0.0,0.0,0.0,0.0,0.0,0.0,0.0,0.0,0.0,0.0,0.0,0.0
0,speckle,0.0002,0.9978358324315968,0.004337722695584818,1.2239744619031234,0.6196581196581197,0.21453287197231835,0.02705314009661836,0.022117080912577386,0.0,0.0,13.5,0.0,0.09490811918284552,0.0073503218181831
0,speckle,0.0005,0.9945304676065018,0.010999225406661503,1.4742707497037122,0.6367521367521367,0.314878892733564,0.06956521739130435,0.05475682177425966,0.0625,0.0379746835443038,35.0,0.0,0.12549448552133963,0.019636315316765487
0,speckle,0.001,0.989196230173933,0.021843532145623547,1.64441640860955,0.6410256410256411,0.31141868512110726,0.13429951690821257,0.099141349428688,0.1875,0.0379746835443038,68.0,0.0,0.1342925173923268,0.03734837540473332
0,speckle,0.002,0.978623408126137,0.043687064291247094,1.6933707994036014,0.6367521367521367,0.31833910034602075,0.27053140096618356,0.1785428809570793,0.1875,0.0379746835443038,137.5,0.0,0.11028431634580853,0.07153381246827674
0,speckle,0.005,0.9482188762394418,0.10921766072811774,1.7569866574913025,0.6367521367521367,0.32525951557093424,0.6801932367149759,0.3398273267086821,2.125,0.1518987341772152,339.0,0.0,0.03787875934067809,0.1623479288115585
0,blob,0.0,1.0,0.0,0.0,0.0,0.0,0.0,0.0,0.0,0.0,0.0,0.0,0.0,0.0
0,blob,0.1,0.9725779719752901,0.05639039504260263,0.3607447337232863,0.19230769230769232,0.058823529411764705,0.00676328502415459,0.049293722523122495,0.125,0.0,2.0,0.0,0.0191106833680412,0.06451904834437781
0,blob,0.25,0.9302493154633232,0.14996127033307513,0.9156057651871392,0.4700854700854701,0.2975778546712803,0.03671497584541063,0.10923570810319919,0.5625,0.12658227848101267,4.5,0.16666666666666666,0.014962490684055228,0.13770989652683266
0,blob,0.5,0.8625643081445847,0.31866769945778467,1.2713422793133768,0.5726495726495726,0.2837370242214533,0.025120772946859903,0.2863535051261141,0.3125,0.05063291139240506,9.0,0.0,0.02806098792717798,0.27687977458953195
0,blob,0.75,0.8410423452768729,0.378001549186677,1.1949191421034522,0.5128205128205128,0.328719723183391,0.05314009661835749,0.30846936092496385,0.9375,0.1518987341772152,11.5,0.3333333333333333,0.013367189528174037,0.2826414514462964
0,blob,1.0,0.7780389320797927,0.570565453137103,1.5031158007416752,0.6282051282051282,0.2975778546712803,0.07246376811594203,0.4644461657629743,0.9375,0.13924050632911392,16.5,0.5,0.0208520936312822,0.40560853124058477
1,boundary_erode,0.0,1.0,0.0,0.0,0.0,0.0,0.0,0.0,0.0,0.0,0.0,0.0,0.0,0.0
1,boundary_erode,-1.0,0.820443587270974,0.30444735120994115,0.017692912215118626,0.010256410256410256,0.006920415224913495,0.013742071881606765,0.29475583520322,0.0625,0.11290322580645161,0.0,0.5,0.03953059118367072,0.16946859902523442
1,boundary_erode,-2.0,0.5954759444253072,0.5760300850228908,0.12773730379558634,0.041025641025641026,0.058823529411764705,0.3097251585623679,0.38579549836394283,0.8125,0.7096774193548387,6.0,1.0,0.11917837550206373,0.601044467916799
1,boundary_erode,-3.0,0.3777188328912467,0.7671680837148463,0.3285189354516684,0.11282051282051282,0.2179930795847751,0.5391120507399577,0.4948188238400106,0.0625,0.9354838709677419,4.5,1.0,0.19858936219631784,1.3699438789360798
1,boundary_erode,-4.0,0.20038252170075033,0.8886527141922825,0.41598521696650453,0.2564102564102564,0.22491349480968859,0.7505285412262156,0.5536672357029631,0.3125,0.9838709677419355,2.0,1.0,0.2995625138964228,2.557099251927764
1,boundary_erode,-5.0,0.0691397000789266,0.9641922825376062,0.7066544890720248,0.6256410256410256,0.33217993079584773,0.7684989429175476,0.8453237410071942,0.625,1.0,0.5,1.0,0.34308781413739353,2.8201142295865775
1,boundary_dilate,0.0,1.0,0.0,0.0,0.0,0.0,0.0,0.0,0.0,0.0,0.0,0.0,0.0,0.0
1,boundary_dilate,1.0,0.8702952685876912,0.29807063440156967,0.013466154074892206,0.005128205128205128,0.006920415224913495,0.035940803382663845,0.34646361857882124,0.0,0.1774193548387097,0.0,0.25,0.03379417277559825,0.07840654875968729
1,boundary_dilate,2.0,0.7731984829329962,0.5866579463701765,0.026974788131093223,0.010256410256410256,0.01384083044982699,0.048625792811839326,0.66775379696243,0.1875,0.016129032258064516,0.0,0.75,0.06578525161353,0.13302093276882107
1,boundary_dilate,3.0,0.6976558489705127,0.8667429692609548,0.040525902168603044,0.015384615384615385,0.020761245674740483,0.07293868921775898,1.0136132826919764,0.125,0.3225806451612903,0.0,0.25,0.08932990279792505,0.17911024150370952
1,boundary_dilate,4.0,0.6369174694090081,1.1401242642249836,0.05411949618742168,0.020512820512820513,0.02768166089965398,0.10570824524312897,1.39309403540997,0.125,0.4838709677419355,0.0,1.0,0.11628355329541096,0.22092394807390905
1,boundary_dilate,5.0,0.5867229470452802,1.408763897972531,0.06775557018754912,0.02564102564102564,0.03460207612456748,0.13002114164904863,1.7687614185686684,0.1875,0.46774193548387094,0.0,0.75,0.13639803437117445,0.2598203220242619
1,junction_break,0.0,1.0,0.0,0.0,0.0,0.0,0.0,0.0,0.0,0.0,0.0,0.0,0.0,0.0
1,junction_break,0.1,0.9874172185430463,0.02485284499672989,0.0,0.0,0.0,0.02748414376321353,0.0027056615577103786,0.75,0.2903225806451613,3.5,0.5,0.002113669942244273,0.001889548524355236
1,junction_break,0.2,0.9793909052982895,0.04038587311968607,0.0,0.0,0.0,0.02959830866807611,0.01111659691854362,1.0,0.3225806451612903,5.5,0.75,0.0037217720775908464,0.0022608937221772598
1,junction_break,0.4,0.9708035338662179,0.05673642903858731,0.0,0.0,0.0,0.06976744186046512,0.014008338783518646,1.5625,0.5161290322580645,7.0,1.0,0.006286203907126905,0.023319426798217156
1,junction_break,0.6,0.9584468664850136,0.07979071288423806,0.00014867993458082877,0.0,0.0,0.0824524312896406,0.0029009050823856474,1.8125,0.6290322580645161,10.0,1.0,0.0009251733461742808,0.03848683383084432
1,junction_break,0.8,0.9535460689537172,0.08878351863963375,0.00014867993458082877,0.0,0.0,0.08456659619450317,0.004606476481632302,2.125,0.41935483870967744,10.5,0.75,0.0037431736506975807,0.04638770467746099
1,thin_dropout,0.0,1.0,0.0,0.0,0.0,0.0,0.0,0.0,0.0,0.0,0.0,0.0,0.0,0.0
1,thin_dropout,0.05,0.9989360831491939,0.0021255722694571615,0.0,0.0,0.0,0.007399577167019027,0.005313321228001579,0.0,0.20967741935483872,0.0,0.5,0.0004259055000609813,0.0020566718898016546
1,thin_dropout,0.1,0.9935823597169656,0.012753433616742969,0.0,0.0,0.0,0.02959830866807611,0.017358662089935955,0.125,0.3387096774193548,0.0,0.5,0.004218779128208728,0.015740121079856728
1,thin_dropout,0.2,0.9844748858447488,0.030575539568345324,0.0001699199252352329,0.0,0.0,0.06765327695560254,0.03976818545163872,0.1875,0.5,0.0,0.75,0.0019799215226683877,0.0247467090135097
1,thin_dropout,0.3,0.9764016736401674,0.046108567691301505,0.008241116373908796,0.005128205128205128,0.0,0.1014799154334038,0.06162505289885736,0.1875,0.6129032258064516,0.5,0.75,0.00618683138416033,0.04479746512972095
1,thin_dropout,0.4,0.9631262185301348,0.0711249182472204,0.03109534631804762,0.005128205128205128,0.0,0.15327695560253699,0.09702350479167225,0.125,0.6612903225806451,1.0,0.75,0.0007659639839011316,0.08676577190422967
1,speckle,0.0,1.0,0.0,0.0,0.0,0.0,0.0,0.0,0.0,0.0,0.0,0.0,0.0,0.0
1,speckle,0.0002,0.9977161500815661,0.004578155657292348,1.653257152566853,0.9128205128205128,0.28719723183391005,0.02959830866807611,0.024300887831828946,0.0,0.0,14.0,0.0,0.11300078267092355,0.007917270399157069
1,speckle,0.0005,0.9942290498252458,0.011608894702419882,1.856778743017353,0.9487179487179487,0.3079584775086505,0.07716701902748414,0.06086161492788102,0.0,0.0,34.5,0.0,0.14698455256670964,0.020833559190544408
1,speckle,0.001,0.9886042188636547,0.023054283845650753,1.8723688961576856,0.9641025641025641,0.3044982698961938,0.14799154334038056,0.10883116711051048,0.3125,0.016129032258064516,68.0,0.0,0.1446365674226568,0.039039664316968495
1,speckle,0.002,0.977387135437475,0.046272073250490514,2.005458677598182,0.9692307692307692,0.328719723183391,0.30021141649048627,0.19530619406913496,0.75,0.12903225806451613,136.5,0.0,0.12305891328387701,0.07641240276075635
1,speckle,0.005,0.9453589921941418,0.11559843034663178,2.077993245682972,0.9692307692307692,0.328719723183391,0.7399577167019028,0.35883589604622496,1.1875,0.06451612903225806,343.5,0.0,0.044581443204067026,0.17364986465468157
1,blob,0.0,1.0,0.0,0.0,0.0,0.0,0.0,0.0,0.0,0.0,0.0,0.0,0.0,0.0
1,blob,0.1,0.9805210420841683,0.03973185088293002,0.3146067415730337,0.4153846153846154,0.0,0.021141649048625793,0.018205311527175763,0.1875,0.06451612903225806,1.0,0.0,0.020577640000604646,0.02953960868917258
1,blob,0.25,0.9517584811702459,0.1013734466971877,1.0302882266731803,0.9282051282051282,0.2422145328719723,0.019027484143763214,0.08080838233977135,0.375,0.0,4.0,0.0,0.03419285088329765,0.118281595593071
1,blob,0.5,0.8493264824329955,0.35480706344015694,1.0543106561033113,0.9641025641025641,0.0726643598615917,0.04756871035940803,0.293287065604832,0.4375,0.1774193548387097,8.5,0.25,0.028142012857932646,0.2683626309768763
1,blob,0.75,0.8217668794088008,0.43378024852845,1.3087020241711094,0.9692307692307692,0.1695501730103806,0.07822410147991543,0.3297608971646213,0.625,0.3548387096774194,13.0,1.0,0.060721259852311534,0.3620234164347996
1,blob,1.0,0.7584795684256216,0.6368541530412034,1.6013466154074891,0.8256410256410256,0.31141868512110726,0.09090909090909091,0.5004496402877698,0.9375,0.4032258064516129,16.0,0.75,0.029298177688362476,0.4123822436692233
2,boundary_erode,0.0,1.0,0.0,0.0,0.0,0.0,0.0,0.0,0.0,0.0,0.0,0.0,0.0,0.0
2,boundary_erode,-1.0,0.8235294117647058,0.3,0.018981327505107615,0.008888888888888889,0.008620689655172414,0.010135135135135136,0.2928327645051194,0.0,0.05714285714285714,0.0,1.0,0.055543253602225125,0.18768395959325074
2,boundary_erode,-2.0,0.6096003783400331,0.5615646258503402,0.10854278519503967,0.07555555555555556,0.04310344827586207,0.3333333333333333,0.3423469387755102,0.26666666666666666,0.7142857142857143,1.6666666666666667,1.0,0.14497994602153183,0.6008518123660994
2,boundary_erode,-3.0,0.40325865580448067,0.7474489795918368,0.30664702808001143,0.26222222222222225,0.11206896551724138,0.5112612612612613,0.48325966331232956,0.2,0.7714285714285715,0.6666666666666666,1.0,0.1978587171307189,1.1661235809777954
2,boundary_erode,-4.0,0.22060826146164322,0.8760204081632653,0.42832707749322946,0.27555555555555555,0.1206896551724138,0.7083333333333334,0.574927113702624,0.13333333333333333,0.9714285714285714,1.3333333333333333,1.0,0.2885859295861832,2.0100149102545486
2,boundary_erode,-5.0,0.07686017988552739,0.9600340136054422,0.5352781869149997,0.4488888888888889,0.12931034482758622,0.7488738738738738,0.8408529331014917,0.4666666666666667,1.0,0.3333333333333333,1.0,0.3778686833011934,2.2762401635624365
2,boundary_dilate,0.0,1.0,0.0,0.0,0.0,0.0,0.0,0.0,0.0,0.0,0.0,0.0,0.0,0.0
2,boundary_dilate,1.0,0.8714338643942201,0.2950680272108844,0.014253812894949399,0.0044444444444444444,0.008620689655172414,0.036036036036036036,0.3434817852374593,0.06666666666666667,0.22857142857142856,0.0,1.0,0.027736552946277818,0.08685254987562228
2,boundary_dilate,2.0,0.7749077490774908,0.580952380952381,0.02855513849954863,0.008888888888888889,0.017241379310344827,0.07882882882882883,0.7162417045057631,0.13333333333333333,0.22857142857142856,0.0,1.0,0.06284235400473719,0.14475476502226825
2,boundary_dilate,3.0,0.6991676575505351,0.8605442176870748,0.04290397681379769,0.013333333333333334,0.02586206896551724,0.08558558558558559,1.0346838242686236,0.26666666666666666,0.2,0.0,0.0,0.0878047458867901,0.19253448647258045
2,boundary_dilate,4.0,0.6377786214002928,1.1358843537414967,0.057300327837696584,0.017777777777777778,0.034482758620689655,0.13963963963963963,1.4825462122021582,0.26666666666666666,0.45714285714285713,0.0,1.0,0.11208774691379217,0.23529669216955545
2,boundary_dilate,5.0,0.5876474115530682,1.4034013605442177,0.07174419157124531,0.022222222222222223,0.04310344827586207,0.15202702702702703,1.8342900506816273,0.26666666666666666,0.2571428571428571,0.0,0.0,0.13290751154717229,0.2762516594624591
2,junction_break,0.0,1.0,0.0,0.0,0.0,0.0,0.0,0.0,0.0,0.0,0.0,0.0,0.0,0.0
2,junction_break,0.1,0.9933230611196713,0.013265306122448979,0.0,0.0,0.0,0.0033783783783783786,0.009920442753372564,0.3333333333333333,0.17142857142857143,1.3333333333333333,1.0,0.0012144242504500955,0.004574023235288462
2,junction_break,0.2,0.9877775865037012,0.02414965986394558,0.0,0.0,0.0,0.0022522522522522522,0.026342581976610865,0.6666666666666666,0.08571428571428572,1.6666666666666667,0.0,0.0019308426519772264,0.007363617275130016
2,junction_break,0.4,0.9788120875303925,0.04149659863945578,0.0,0.0,0.0,0.0022522522522522522,0.03933293407656521,0.8,0.11428571428571428,2.0,0.0,0.004833030780707791,0.015954498270458403
2,junction_break,0.6,0.9746272560816113,0.049489795918367344,0.0,0.0,0.0,0.0022522522522522522,0.047344174690192156,1.1333333333333333,0.17142857142857143,4.0,2.0,0.005414507186529235,0.021672762575124176
2,junction_break,0.8,0.9729257641921397,0.05272108843537415,0.0,0.0,0.0,0.02252252252252252,0.03089438540393125,1.0666666666666667,0.08571428571428572,3.3333333333333335,0.0,0.006152396612028991,0.024467908441298012
2,thin_dropout,0.0,1.0,0.0,0.0,0.0,0.0,0.0,0.0,0.0,0.0,0.0,0.0,0.0,0.0
2,thin_dropout,0.05,0.9994044073853484,0.0011904761904761906,0.0,0.0,0.0,0.0045045045045045045,0.0033290239172592212,0.0,0.17142857142857143,0.0,1.0,0.0,0.0006472174456718048
2,thin_dropout,0.1,0.9972714870395635,0.005442176870748299,0.0,0.0,0.0,0.012387387387387387,0.00703232262118073,0.06666666666666667,0.2571428571428571,0.0,1.0,0.0011441151858512257,0.006005982678358718
2,thin_dropout,0.2,0.9848942598187311,0.02976190476190476,0.01786477882833658,0.0044444444444444444,0.034482758620689655,0.060810810810810814,0.033059266872216414,0.2,0.45714285714285713,0.0,1.0,0.0030342721382273998,0.03665246172162292
2,thin_dropout,0.3,0.9653352102762626,0.06700680272108843,0.01786477882833658,0.0044444444444444444,0.034482758620689655,0.14189189189189189,0.08726766297070003,0.3333333333333333,0.6857142857142857,0.0,1.0,0.014144606424881431,0.09658067534234246
2,thin_dropout,0.4,0.9575392252459888,0.0814625850340136,0.04615859742481114,0.0044444444444444444,0.034482758620689655,0.17117117117117117,0.10823535936113575,0.3333333333333333,0.6857142857142857,0.0,1.0,0.018538377641451116,0.12076097017181034
2,speckle,0.0,1.0,0.0,0.0,0.0,0.0,0.0,0.0,0.0,0.0,0.0,0.0,0.0,0.0
2,speckle,0.0002,0.997624703087886,0.004761904761904762,1.4291347935572765,0.5733333333333334,0.5086206896551724,0.03153153153153153,0.025951341235184035,0.0,0.0,9.333333333333334,0.0,0.12910000088986365,0.008027309762993581
2,speckle,0.0005,0.9939988166680754,0.01207482993197279,2.1750130659951536,0.6933333333333334,0.625,0.08445945945945946,0.06674719732129619,0.06666666666666667,0.11428571428571428,23.0,0.0,0.14318504787713482,0.02034267031209256
2,speckle,0.001,0.9880692320618384,0.02414965986394558,2.2314106523495036,0.7066666666666667,0.6120689655172413,0.1554054054054054,0.1136014639774039,0.13333333333333333,0.0,45.333333333333336,0.0,0.16431042874225013,0.04213793802114072
2,speckle,0.002,0.9765008718757785,0.04812925170068027,2.3373639948686273,0.7066666666666667,0.6379310344827587,0.31756756756756754,0.2044967730682017,0.6666666666666666,0.17142857142857143,91.0,0.0,0.13761202081346888,0.07866854590489167
2,speckle,0.005,0.9432146294513956,0.12040816326530612,2.43098778923362,0.7066666666666667,0.6551724137931034,0.793918918918919,0.3754410238671741,1.6666666666666667,0.22857142857142856,227.33333333333334,0.0,0.05675635451681093,0.17854746954601497
2,blob,0.0,1.0,0.0,0.0,0.0,0.0,0.0,0.0,0.0,0.0,0.0,0.0,0.0,0.0
2,blob,0.1,0.9610983981693364,0.08095238095238096,0.48094740343041764,0.3422222222222222,0.27155172413793105,0.0045045045045045045,0.0761050608584241,0.0,0.0,1.3333333333333333,0.0,0.03213845283749654,0.09475047148233637
2,blob,0.25,0.9344457687723481,0.14030612244897958,0.6862735781821637,0.4088888888888889,0.4353448275862069,0.03490990990990991,0.10184095400946014,0.4,0.4,2.0,1.0,0.03518927588497805,0.1271385514040089
2,blob,0.5,0.8729216152019003,0.291156462585034,1.0226398061481445,0.5422222222222223,0.34051724137931033,0.038288288288288286,0.24354331754393715,0.6,0.02857142857142857,5.0,0.0,0.04316760627863404,0.26114926062002763
2,blob,0.75,0.8156471077819393,0.4520408163265306,1.5614814462868818,0.6755555555555556,0.6163793103448276,0.0686936936936937,0.35870626438141107,1.0666666666666667,0.0,9.0,0.0,0.03402958482239505,0.3545420226817149
2,blob,1.0,0.7083057278805035,0.8236394557823129,1.7842210291252911,0.6977777777777778,0.625,0.13513513513513514,0.6065395205701328,1.2,0.8,11.0,3.0,0.021365561536182652,0.4778004231254557
3,boundary_erode,0.0,1.0,0.0,0.0,0.0,0.0,0.0,0.0,0.0,0.0,0.0,0.0,0.0,0.0
3,boundary_erode,-1.0,0.835838284981941,0.2820256204963971,0.018341400152845,0.010416666666666666,0.007905138339920948,0.010043041606886656,0.274741822443462,0.0,0.32432432432432434,0.0,1.0,0.04447791727169073,0.16754372430558256
3,boundary_erode,-2.0,0.6353455340071019,0.5344275420336269,0.1822097681850814,0.078125,0.10276679841897234,0.26398852223816355,0.3674385902484171,0.0,0.8648648648648649,1.3333333333333333,1.0,0.11933780142180199,0.5190406319948513
3,boundary_erode,-3.0,0.43311902148345616,0.7235788630904724,0.33862115282184296,0.21354166666666666,0.13043478260869565,0.42898134863701576,0.5159157476735157,0.15384615384615385,0.918918918918919,1.0,1.0,0.1735406025698116,1.0049688365560816
3,boundary_erode,-4.0,0.2442452995958531,0.8608887109687751,0.5095064959125541,0.3229166666666667,0.16205533596837945,0.642754662840746,0.6106001266876956,0.0,0.8918918918918919,2.3333333333333335,1.0,0.25490564020497364,1.709425082737037
3,boundary_erode,-5.0,0.0843558282208589,0.955964771817454,0.6496607304138394,0.5989583333333334,0.16996047430830039,0.6857962697274032,0.8598513514007553,0.38461538461538464,1.0,0.3333333333333333,1.0,0.3176621713379198,1.9586466520111714
3,boundary_dilate,0.0,1.0,0.0,0.0,0.0,0.0,0.0,0.0,0.0,0.0,0.0,0.0,0.0,0.0
3,boundary_dilate,1.0,0.8779544855460856,0.27802241793434745,0.013732891781107431,0.005208333333333333,0.007905138339920948,0.02295552367288379,0.3080493763586492,0.07692307692307693,0.4594594594594595,0.0,2.3333333333333335,0.030365044513406114,0.0846497748820639
3,boundary_dilate,2.0,0.7845477386934674,0.5492393915132106,0.027512100229267502,0.010416666666666666,0.015810276679841896,0.06456241032998565,0.6561654231360547,0.15384615384615385,0.4864864864864865,0.0,0.6666666666666666,0.0693765476327423,0.1430295023789509
3,boundary_dilate,3.0,0.7105169593969992,0.8148518815052042,0.04133762534448021,0.015625,0.023715415019762844,0.08464849354375897,0.9826830116130522,0.15384615384615385,0.6216216216216216,0.0,1.0,0.09695156557920985,0.19182720401883158
3,boundary_dilate,4.0,0.6495059802392096,1.0792634107285828,0.05520946712674556,0.020833333333333332,0.03162055335968379,0.09325681492109039,1.2931117045535163,0.15384615384615385,0.5135135135135135,0.0,1.0,0.11567971541221442,0.23591620630754467
3,boundary_dilate,5.0,0.5983233532934131,1.3426741393114492,0.06912762557606354,0.026041666666666668,0.039525691699604744,0.0975609756097561,1.5959362084262003,0.38461538461538464,0.32432432432432434,0.0,0.3333333333333333,0.14315334040956204,0.2770864293333588
3,junction_break,0.0,1.0,0.0,0.0,0.0,0.0,0.0,0.0,0.0,0.0,0.0,0.0,0.0,0.0
3,junction_break,0.1,0.9909109270854373,0.018014411529223378,0.0,0.0,0.0,0.03443328550932568,0.017004391031398638,0.5384615384615384,0.6216216216216216,2.0,1.0,0.002421207131097393,0.017081960685697017
3,junction_break,0.2,0.9875367311784375,0.024619695756605286,0.0,0.0,0.0,0.00430416068866571,0.028799897060505515,0.6153846153846154,0.16216216216216217,2.0,0.6666666666666666,0.002337280269326049,0.007405095573881582
3,junction_break,0.4,0.9804081632653061,0.03843074459567654,0.0,0.0,0.0,0.024390243902439025,0.0143915132105685,1.0,0.5405405405405406,3.3333333333333335,0.6666666666666666,0.004697267066971554,0.023090701182726877
3,junction_break,0.6,0.9755997539470986,0.047638110488390714,0.0,0.0,0.0,0.05021520803443329,0.0027133489268756253,1.2307692307692308,0.5405405405405406,3.3333333333333335,1.0,0.007257879566947707,0.034966940606139356
3,junction_break,0.8,0.9740219735085738,0.050640512409927944,0.0,0.0,0.0,0.04447632711621234,0.006451106831411045,1.2307692307692308,0.5135135135135135,3.3333333333333335,1.0,0.007257797565120332,0.035845656700491106
3,thin_dropout,0.0,1.0,0.0,0.0,0.0,0.0,0.0,0.0,0.0,0.0,0.0,0.0,0.0,0.0
3,thin_dropout,0.05,0.9967871485943776,0.006405124099279423,0.0004631666705263889,0.0,0.0,0.011477761836441894,0.005131536288537381,0.07692307692307693,0.02702702702702703,0.0,0.0,0.002751402162958026,0.007464465867691073
3,thin_dropout,0.1,0.9963840899959823,0.007205764611689352,0.0004631666705263889,0.0,0.0,0.01291248206599713,0.005781369281471728,0.15384615384615385,0.05405405405405406,0.0,0.0,0.003063425341729942,0.008202596146082354
3,thin_dropout,0.2,0.995375025135733,0.009207365892714172,0.0004631666705263889,0.0,0.0,0.020086083213773313,0.011101707134375149,0.23076923076923078,0.13513513513513514,0.0,0.0,0.003802626707149621,0.010842290984057215
3,thin_dropout,0.3,0.9901970692268822,0.019415532425940754,0.0004631666705263889,0.0,0.0,0.04591104734576758,0.027770487066344843,0.38461538461538464,0.2972972972972973,0.0,0.0,0.007917890032352888,0.02444927242952421
3,thin_dropout,0.4,0.9822774495823997,0.03482786228983187,0.0004631666705263889,0.0,0.0,0.07747489239598278,0.04622858473403919,0.46153846153846156,0.40540540540540543,0.0,0.0,0.012042754359308714,0.03746471163038977
3,speckle,0.0,1.0,0.0,0.0,0.0,0.0,0.0,0.0,0.0,0.0,0.0,0.0,0.0,0.0
3,speckle,0.0002,0.9972055888223553,0.005604483586869495,1.878349273986244,0.9895833333333334,0.5138339920948617,0.040172166427546625,0.033232655089588954,0.0,0.0,9.333333333333334,0.0,0.13574035353253378,0.009233700490665239
3,speckle,0.0005,0.9929444499652191,0.01421136909527622,2.010861258423844,1.0,0.4743083003952569,0.10616929698708752,0.08313187514992544,0.07692307692307693,0.10810810810810811,23.333333333333332,0.0,0.1528625717862338,0.025772391439361945
3,speckle,0.001,0.9859877639628972,0.02842273819055244,2.145341701211181,1.0,0.5177865612648221,0.2065997130559541,0.14766867001329956,0.07692307692307693,0.13513513513513514,46.666666666666664,0.0,0.1676867749567813,0.05020936995476785
3,speckle,0.002,0.9722681716454218,0.05704563650920737,2.280771635673097,1.0,0.5059288537549407,0.40746054519368724,0.24896961401945203,0.6923076923076923,0.13513513513513514,92.0,0.0,0.13717317153304665,0.09519828761437768
3,speckle,0.005,0.9334828101644245,0.14251401120896717,2.3672680113939,1.0,0.5177865612648221,1.0286944045911048,0.4368230086190593,2.5384615384615383,0.40540540540540543,229.33333333333334,0.0,0.047034491977264864,0.21362174402423278
3,blob,0.0,1.0,0.0,0.0,0.0,0.0,0.0,0.0,0.0,0.0,0.0,0.0,0.0,0.0
3,blob,0.1,0.9645718698716093,0.07345876701361088,0.5922280632685671,0.84375,0.1383399209486166,0.00860832137733142,0.06429695676882896,0.07692307692307693,0.08108108108108109,1.0,0.0,0.008652897355721048,0.062366018713279604
3,blob,0.25,0.9475580844001896,0.11068855084067254,1.081563650679697,0.9583333333333334,0.36363636363636365,0.03156384505021521,0.07670364386084663,0.6923076923076923,0.02702702702702703,3.0,0.0,0.07324335165304222,0.1486676733323966
3,blob,0.5,0.8289364526298324,0.4127301841473179,1.5173803293115027,1.0,0.383399209486166,0.04591104734576758,0.35071733655786075,0.6923076923076923,0.1891891891891892,5.333333333333333,0.0,0.03240803262950766,0.31855390956575796
3,blob,0.75,0.7614112626685972,0.6267013610888711,1.4686320372386004,0.9427083333333334,0.33201581027667987,0.08751793400286945,0.4957926763574447,1.2307692307692308,0.0,9.333333333333334,0.0,0.04719082319428976,0.45961861073871907
3,blob,1.0,0.7367644890134198,0.7145716573258607,1.9609550496746253,0.96875,0.5138339920948617,0.15064562410329985,0.4900953181497817,1.6923076923076923,0.7297297297297297,10.333333333333334,0.3333333333333333,0.028286663377283423,0.43339350116199543
4,boundary_erode,0.0,1.0,0.0,0.0,0.0,0.0,0.0,0.0,0.0,0.0,0.0,0.0,0.0,0.0
4,boundary_erode,-1.0,0.8320305052430886,0.28762650995755795,0.01940175836218276,0.009345794392523364,0.00980392156862745,0.012972972972972972,0.27826344108514905,0.3333333333333333,0.36752136752136755,0.0,0.8333333333333334,0.038660796211473065,0.14111985733339683
4,boundary_erode,-2.0,0.6263033972418433,0.5440744368266406,0.1544419815197629,0.0794392523364486,0.024509803921568627,0.3286486486486486,0.3208838229704387,0.3333333333333333,0.811965811965812,3.5,0.9444444444444444,0.0829575961689182,0.43887018382924986
4,boundary_erode,-3.0,0.42761806981519507,0.7280444009141365,0.3194440985280566,0.17757009345794392,0.03431372549019608,0.4875675675675676,0.46928495958982325,0.26666666666666666,0.9145299145299145,4.5,1.0,0.14840800937765536,0.7873038661461816
4,boundary_erode,-4.0,0.22819956616052062,0.8712047012732616,0.44883066424248463,0.21962616822429906,0.04411764705882353,0.6724324324324324,0.6068130319398246,0.7333333333333333,1.0,6.5,1.0,0.26579738244465473,1.511619505339859
4,boundary_erode,-5.0,0.07419050613014776,0.9614756774404178,0.5194640233119973,0.3317757009345794,0.06372549019607843,0.7545945945945945,0.8430176283365046,0.2,0.9658119658119658,2.0,1.0,0.3563230991667028,2.0499064329706087
4,boundary_dilate,0.0,1.0,0.0,0.0,0.0,0.0,0.0,0.0,0.0,0.0,0.0,0.0,0.0,0.0
4,boundary_dilate,1.0,0.8779648871372268,0.2779954293176624,0.014445468356952504,0.004672897196261682,0.00980392156862745,0.08432432432432432,0.3956856813681673,0.0,0.49572649572649574,0.0,0.8333333333333334,0.03827973977432077,0.07213073420823524
4,boundary_dilate,2.0,0.7875048206710374,0.5396669931439765,0.02894074867375657,0.009345794392523364,0.0196078431372549,0.10594594594594595,0.7221184627063825,0.0,0.5982905982905983,0.0,0.8888888888888888,0.059234989191632205,0.12445609726264521
4,boundary_dilate,3.0,0.716072472238457,0.7930133855697029,0.04348584095041219,0.014018691588785047,0.029411764705882353,0.1264864864864865,1.0526452743217516,0.13333333333333333,0.6239316239316239,0.0,0.8888888888888888,0.08442755183289738,0.17017542134049607
4,boundary_dilate,4.0,0.6580374885869273,1.0393405158341495,0.05808074518691938,0.018691588785046728,0.0392156862745098,0.15135135135135136,1.4030445568746346,0.13333333333333333,0.6923076923076923,0.0,0.9444444444444444,0.10597816324826445,0.21237476191384
4,boundary_dilate,5.0,0.6100378410675165,1.2784851452824029,0.07272546138327812,0.02336448598130841,0.049019607843137254,0.16324324324324324,1.7229958131604943,0.3333333333333333,0.5042735042735043,0.0,0.4444444444444444,0.1270225413712216,0.25232681768452697
4,junction_break,0.0,1.0,0.0,0.0,0.0,0.0,0.0,0.0,0.0,0.0,0.0,0.0,0.0,0.0
4,junction_break,0.1,0.9790850762436464,0.04097290238328436,0.0,0.0,0.0,0.03027027027027027,0.011036716504501734,1.1333333333333333,0.4358974358974359,3.5,0.8888888888888888,0.004306929955299526,0.015850281528439335
4,junction_break,0.2,0.9650278763304613,0.06758080313418217,0.0,0.0,0.0,0.016216216216216217,0.05221125593309726,1.0666666666666667,0.2905982905982906,6.0,0.6666666666666666,0.005609385418199887,0.019943268790128064
4,junction_break,0.4,0.9504882645194449,0.09435194253999347,0.0,0.0,0.0,0.0075675675675675675,0.08744612946567966,1.3333333333333333,0.19658119658119658,4.0,0.8333333333333334,0.01054856294296294,0.024243227139255318
4,junction_break,0.6,0.9426993441491198,0.10839046686255305,0.0,0.0,0.0,0.04972972972972973,0.06173058230700974,2.1333333333333333,0.4444444444444444,8.5,0.9444444444444444,0.012978544650973034,0.036299889742563526
4,junction_break,0.8,0.9373807458803123,0.11785830884753509,0.0,0.0,0.0,0.07027027027027027,0.05118480893484875,1.8,0.5384615384615384,8.0,1.0,0.013231162107879522,0.044142687829182736
4,thin_dropout,0.0,1.0,0.0,0.0,0.0,0.0,0.0,0.0,0.0,0.0,0.0,0.0,0.0,0.0
4,thin_dropout,0.05,0.9993466187520418,0.001305909239307868,0.0,0.0,0.0,0.006486486486486486,0.005214400384809827,0.06666666666666667,0.09401709401709402,0.0,0.1111111111111111,0.0002851599119112218,0.0012838513410805559
4,thin_dropout,0.1,0.9979553447288787,0.004080966372837088,0.0,0.0,0.0,0.014054054054054054,0.010115247922286977,0.13333333333333333,0.1452991452991453,0.0,0.2222222222222222,0.00021217630979520285,0.002679084586404321
4,thin_dropout,0.2,0.9947489333770922,0.010447273914462945,0.0,0.0,0.0,0.02702702702702703,0.01704030181013539,0.0,0.2222222222222222,0.0,0.2777777777777778,0.002656357095439323,0.008614767421682696
4,thin_dropout,0.3,0.9816307871332391,0.03607574273587986,0.00019924783940624143,0.0,0.0,0.07891891891891892,0.046514011701069405,0.2,0.3162393162393162,0.0,0.2777777777777778,0.011823850843802218,0.04055974919309745
4,thin_dropout,0.4,0.9532678342588637,0.08929154423767548,0.05427013025827501,0.028037383177570093,0.004901960784313725,0.1891891891891892,0.12320709544020021,0.26666666666666666,0.41025641025641024,0.5,0.2777777777777778,0.01046474712131005,0.11652491976907169
4,speckle,0.0,1.0,0.0,0.0,0.0,0.0,0.0,0.0,0.0,0.0,0.0,0.0,0.0,0.0
4,speckle,0.0002,0.9977198697068403,0.004570682337577538,2.175960748175637,0.7570093457943925,0.8578431372549019,0.03027027027027027,0.024944510847576883,0.0,0.0,14.0,0.0,0.11635438924728261,0.008153404887774223
4,speckle,0.0005,0.9942384159701372,0.01158994449885733,2.0435854648701155,0.794392523364486,0.8333333333333334,0.07675675675675675,0.06052138688610141,0.13333333333333333,0.0,35.0,0.0,0.14291033446639215,0.01955055800029452
4,speckle,0.001,0.9886226095376422,0.023016650342801176,2.398271524993151,0.794392523364486,0.8676470588235294,0.15027027027027026,0.11062932183544073,0.0,0.0,69.5,0.0,0.1516007780364228,0.040095301468103105
4,speckle,0.002,0.9774232149980056,0.04619653934051583,2.5856143059948695,0.7897196261682243,0.8774509803921569,0.30594594594594593,0.19889751747518444,0.4,0.03418803418803419,138.0,0.0,0.12832479881337217,0.07784229415526737
4,speckle,0.005,0.9454433212439232,0.11540972902383284,2.625090284177231,0.794392523364486,0.8774509803921569,0.7708108108108108,0.3701135535121822,2.2,0.09401709401709402,341.0,0.05555555555555555,0.050734436213280595,0.1739703223284853
4,blob,0.0,1.0,0.0,0.0,0.0,0.0,0.0,0.0,0.0,0.0,0.0,0.0,0.0,0.0
4,blob,0.1,0.9560671088568085,0.09190336271629122,0.5489028915842694,0.48598130841121495,0.20098039215686275,0.008648648648648649,0.08254084728035309,0.06666666666666667,0.03418803418803419,1.5,0.0,0.023746447043544866,0.1052898475487353
4,blob,0.25,0.9444230324520158,0.11769507019262161,1.5327140046325123,0.6869158878504673,0.5882352941176471,0.02702702702702703,0.08828204202965792,0.6666666666666666,0.0,5.0,0.0,0.06375819373902296,0.14494787286590186
4,blob,0.5,0.889760348583878,0.24779627815866798,1.298423451470698,0.49065420560747663,0.7254901960784313,0.043243243243243246,0.19607415263913772,0.8666666666666667,0.0,7.0,0.0,0.033196521948176586,0.21327154634597043
4,blob,0.75,0.8069551472041099,0.47845249755142016,1.5141590495878061,0.7850467289719626,0.7696078431372549,0.06054054054054054,0.3940556169572515,0.3333333333333333,0.06837606837606838,13.0,0.05555555555555555,0.024626421972839225,0.37540470670869575
4,blob,1.0,0.7734360204532542,0.5858635324844923,2.1531468705636225,0.794392523364486,0.8284313725490197,0.08216216216216216,0.46545830923891646,1.4,0.02564102564102564,17.0,0.0,0.042219232850854306,0.4350387603946322
5,boundary_erode,0.0,1.0,0.0,0.0,0.0,0.0,0.0,0.0,0.0,0.0,0.0,0.0,0.0,0.0
5,boundary_erode,-1.0,0.8451097297983001,0.26823374340949035,0.02555577610162763,0.011363636363636364,0.006734006734006734,0.01990049751243781,0.28251210939174426,0.0,0.017543859649122806,0.0,0.16666666666666666,0.04078391227819379,0.11551918061102226
5,boundary_erode,-2.0,0.6530551856783547,0.5151581722319859,0.1195414847161572,0.028409090909090908,0.06734006734006734,0.22719734660033167,0.372618836600617,0.5454545454545454,0.9298245614035088,4.0,1.0,0.10985145453269442,0.37689053832475833
5,boundary_erode,-3.0,0.4530161427357689,0.7071616871704746,0.2708416038110361,0.05113636363636364,0.18855218855218855,0.41127694859038144,0.5025873165177356,0.09090909090909091,1.0,2.5,1.0,0.1851992287157351,0.7776588494586798
5,boundary_erode,-4.0,0.26259541984732826,0.8488576449912126,0.39742953552997223,0.2556818181818182,0.19865319865319866,0.5870646766169154,0.6339805619666715,0.09090909090909091,1.0,1.5,1.0,0.2852678241408819,1.2907682919916648
5,boundary_erode,-5.0,0.09020348227396685,0.952768014059754,0.6519948392219135,0.5909090909090909,0.3063973063973064,0.6434494195688225,0.8675307557117751,0.45454545454545453,1.0,0.5,1.0,0.30057547825941827,1.5411169875015192
5,boundary_dilate,0.0,1.0,0.0,0.0,0.0,0.0,0.0,0.0,0.0,0.0,0.0,0.0,0.0,0.0
5,boundary_dilate,1.0,0.8860340632603406,0.25724956063268895,0.014043271139341009,0.005681818181818182,0.003367003367003367,0.06467661691542288,0.3441870302509067,0.09090909090909091,0.6491228070175439,0.0,1.0,0.039486438852136284,0.06219761585680376
5,boundary_dilate,2.0,0.7982463831652784,0.5054920913884007,0.028111353711790393,0.011363636363636364,0.006734006734006734,0.07628524046434494,0.6298235746987533,0.09090909090909091,0.631578947368421,0.0,1.0,0.07200406896752533,0.1097503402616736
5,boundary_dilate,3.0,0.7272146337566898,0.750219683655536,0.0421546248511314,0.017045454545454544,0.010101010101010102,0.08623548922056384,0.9153946810241165,0.18181818181818182,0.7368421052631579,0.0,1.0,0.09868408818654557,0.15276845354127075
5,boundary_dilate,4.0,0.6686742563349247,0.9909929701230229,0.056222707423580785,0.022727272727272728,0.013468013468013467,0.087893864013267,1.1828522926985139,0.18181818181818182,0.7192982456140351,0.0,1.0,0.1212091774776443,0.193957412493581
5,boundary_dilate,5.0,0.6195726146726555,1.2280316344463973,0.0702659785629218,0.028409090909090908,0.016835016835016835,0.05970149253731343,1.3694939604429937,0.18181818181818182,0.40350877192982454,0.0,0.5,0.14254976727635846,0.23367291341802274
5,junction_break,0.0,1.0,0.0,0.0,0.0,0.0,0.0,0.0,0.0,0.0,0.0,0.0,0.0,0.0
5,junction_break,0.1,0.9835882549960925,0.032293497363796136,0.0,0.0,0.0,0.06301824212271974,0.03279118776925823,1.5454545454545454,0.6140350877192983,5.0,0.8333333333333334,0.003600303622224208,0.027356949491661817
5,junction_break,0.2,0.9813136399239119,0.036687170474516695,0.0,0.0,0.0,0.05306799336650083,0.01729883748487993,1.2727272727272727,0.631578947368421,4.0,0.8333333333333334,0.004937875940763525,0.03232798665655256
5,junction_break,0.4,0.9681514224186785,0.0617311072056239,0.0,0.0,0.0,0.0812603648424544,0.021256574648030307,1.5454545454545454,0.7719298245614035,6.0,1.0,0.008706235453834877,0.056366163212811106
5,junction_break,0.6,0.961797240278253,0.07359402460456942,0.0,0.0,0.0,0.1011608623548922,0.030669378530340595,2.272727272727273,0.7017543859649122,8.0,1.0,0.011831051123265296,0.07369722288941422
5,junction_break,0.8,0.9571592210767469,0.08216168717047452,0.0,0.0,0.0,0.11940298507462686,0.04229096541657974,1.9090909090909092,0.8947368421052632,7.5,1.0,0.015177812511628334,0.08729773043786537
5,thin_dropout,0.0,1.0,0.0,0.0,0.0,0.0,0.0,0.0,0.0,0.0,0.0,0.0,0.0,0.0
5,thin_dropout,0.05,0.9993405143987689,0.0013181019332161687,0.0,0.0,0.0,0.011608623548922056,0.01041138344676282,0.0,0.12280701754385964,0.0,0.16666666666666666,0.00011804338257657847,0.0006710464912157529
5,thin_dropout,0.1,0.997577626073552,0.0048330404217926184,0.0,0.0,0.0,0.01990049751243781,0.015373395305683591,0.09090909090909091,0.19298245614035087,0.5,0.16666666666666666,0.0006851022225728797,0.0018758251111542458
5,thin_dropout,0.2,0.9896792808789258,0.020430579964850613,0.04138547042477173,0.0,0.0,0.05970149253731343,0.0417643038469049,0.09090909090909091,0.2631578947368421,0.5,0.16666666666666666,0.00619946853894043,0.011383381370194626
5,thin_dropout,0.3,0.9825659365221279,0.03427065026362039,0.04138547042477173,0.0,0.0,0.0945273631840796,0.06654724888468291,0.09090909090909091,0.40350877192982454,1.0,0.16666666666666666,0.010509892288983904,0.02572564172063201
5,thin_dropout,0.4,0.9747747747747748,0.0492091388400703,0.06450972608177849,0.0,0.04377104377104377,0.13598673300165837,0.10043548806034082,0.0,0.47368421052631576,1.5,0.16666666666666666,0.01469714835726904,0.03784907019864797
5,speckle,0.0,1.0,0.0,0.0,0.0,0.0,0.0,0.0,0.0,0.0,0.0,0.0,0.0,0.0
5,speckle,0.0002,0.9968247016314464,0.0063708260105448155,1.8282552600238189,1.1704545454545454,0.265993265993266,0.04809286898839138,0.039807582145002345,0.0,0.0,14.5,0.0,0.15594363786566715,0.011798452551782992
5,speckle,0.0005,0.9922615803814714,0.015597539543057997,2.0793221516474794,1.1534090909090908,0.2760942760942761,0.11774461028192372,0.091386771002279,0.18181818181818182,0.0,35.0,0.0,0.21509080203996442,0.028276720859244854
5,speckle,0.001,0.9845355250351465,0.03141476274165202,2.3778781262405717,1.1420454545454546,0.29292929292929293,0.23714759535655058,0.1662961100090937,0.0,0.0,71.5,0.0,0.2154637532631479,0.056015834830351385
5,speckle,0.002,0.969542066027689,0.06282952548330405,2.526945216355697,1.1818181818181819,0.27946127946127947,0.47429519071310117,0.2790931340085126,0.7272727272727273,0.0,140.5,0.0,0.18383295421161377,0.10852167271748481
5,speckle,0.005,0.9271819940930849,0.1570738137082601,2.611899563318777,1.1818181818181819,0.29292929292929293,1.187396351575456,0.4710269070006969,2.6363636363636362,0.15789473684210525,345.5,0.0,0.09175485001724672,0.23700727716922448
5,blob,0.0,1.0,0.0,0.0,0.0,0.0,0.0,0.0,0.0,0.0,0.0,0.0,0.0,0.0
5,blob,0.1,0.9748367062854696,0.05162565905096661,0.8561929337038507,0.9715909090909091,0.18518518518518517,0.003316749585406302,0.055125245270770125,0.18181818181818182,0.07017543859649122,1.5,0.0,0.03430005080436286,0.07453357834659777
5,blob,0.25,0.8997825657244515,0.22275922671353252,1.2628275109170306,0.7897727272727273,0.26936026936026936,0.03316749585406302,0.18350531895386848,0.2727272727272727,0.05263157894736842,4.0,0.0,0.083886386743921,0.21879291618704086
5,blob,0.5,0.8294460641399417,0.4112478031634446,1.2028334656609765,1.0454545454545454,0.29292929292929293,0.04975124378109453,0.34436402102299696,0.18181818181818182,0.07017543859649122,7.5,0.0,0.07291331808625154,0.3513125292835971
5,blob,0.75,0.7273308300711033,0.749780316344464,2.1981441048034935,1.1818181818181819,0.29292929292929293,0.11608623548922056,0.5677823636786208,1.1818181818181819,0.05263157894736842,13.0,0.0,0.059437210742277084,0.46486506002479455
5,blob,1.0,0.7236883942766296,0.7636203866432337,1.8793668122270741,1.1022727272727273,0.24242424242424243,0.11276948590381426,0.5848928362829655,1.2727272727272727,0.17543859649122806,17.0,0.16666666666666666,0.08863147560334089,0.5199028317485231
