morphology,trait,kind,sensitivity,spearman
dichotomous,pixel_area,integral,2.0453563075676753,-0.9697181496261529
dichotomous,convex_hull_area,extremum,133.55551937926873,-0.3465222760591852
dichotomous,bounding_depth,extremum,17.80777040247376,-0.3381688731540956
dichotomous,bounding_width,extremum,33.39507339677918,-0.33506549375211736
dichotomous,total_length,integral,2.4096906676552226,-0.6348985968654716
dichotomous,mean_diameter,integral,2.9898823871137674,-0.8476271317087939
dichotomous,n_tips,count,4.713636436799488,-0.5214622844048441
dichotomous,n_branch_points,count,1.5313345356643053,-0.7641555606653763
dichotomous,n_components,count,1439.7650969304639,0.01604693728349837
dichotomous,n_holes,count,2.697564248208317,-0.7281961305125143
dichotomous,fractal_dimension,fitted,4.416499870320477,-0.5112612736036983
dichotomous,lacunarity,integral,1.746933600177349,-0.7888338996839643
fibrous,pixel_area,integral,1.9559731506048827,-0.9951297190815586
fibrous,convex_hull_area,extremum,67.40984034765341,-0.2966638862441064
fibrous,bounding_depth,extremum,30.29187708566177,-0.35207706300513303
fibrous,bounding_width,extremum,0.03622474293107017,-0.48692303773652956
fibrous,total_length,integral,4.921046006432002,-0.6841962592930166
fibrous,mean_diameter,integral,5.25893005044452,-0.8990753023765657
fibrous,n_tips,count,28.026550940232262,-0.451184888442507
fibrous,n_branch_points,count,7.168219880858924,-0.8440105742727932
fibrous,n_components,count,9394.37884681107,0.03987877262054607
fibrous,n_holes,count,5.0528111615453,-0.8501070880960698
fibrous,fractal_dimension,fitted,4.365716758263077,-0.8459416404536093
fibrous,lacunarity,integral,2.919060618537773,-0.9736629102764166
herringbone,pixel_area,integral,2.0405157402284235,-0.9854127163522319
herringbone,convex_hull_area,extremum,50.49759098042162,-0.3645497123458939
herringbone,bounding_depth,extremum,1.5036393683564835,-0.49169290448560193
herringbone,bounding_width,extremum,41.34230994533356,-0.3891481231353484
herringbone,total_length,integral,3.39083961916906,-0.23699823575474446
herringbone,mean_diameter,integral,3.9908767469410096,-0.9291142439969603
herringbone,n_tips,count,8.318517501528644,-0.3271787031501333
herringbone,n_branch_points,count,7.844357264586975,-0.2778445869661583
herringbone,n_components,count,3093.74700225339,0.04695031122729231
herringbone,n_holes,count,78.53327710295588,0.06100889407354226
herringbone,fractal_dimension,fitted,3.922643679845701,-0.7447302887763527
herringbone,lacunarity,integral,1.76586929421108,-0.965171202959289
taproot,pixel_area,integral,2.037721715527496,-0.9839267141266299
taproot,convex_hull_area,extremum,37.296235621299665,-0.3738209341275662
taproot,bounding_depth,extremum,0.1530376753941845,-0.5571112824115056
taproot,bounding_width,extremum,25.882100744574906,-0.39969330438957196
taproot,total_length,integral,2.8310905093457777,-0.4943353384485007
taproot,mean_diameter,integral,3.415044553099119,-0.9145150647913436
taproot,n_tips,count,11.522800275119769,-0.35314811304432525
taproot,n_branch_points,count,3.908914794381155,-0.6451539398455771
taproot,n_components,count,3285.4460310795316,0.08484790844496488
taproot,n_holes,count,13.74322954514295,-0.5830584826096957
taproot,fractal_dimension,fitted,2.9176237180303195,-0.8215895480824431
taproot,lacunarity,integral,1.636144922147001,-0.9403547253176658
