thickness,trait,kind,sensitivity,spearman
medium,pixel_area,integral,1.9885705832550338,-0.9848259348044004
medium,convex_hull_area,extremum,70.51168676511922,-0.41031782441571935
medium,bounding_depth,extremum,12.34390334402197,-0.4453654021441983
medium,bounding_width,extremum,22.75580374234759,-0.49393500177601507
medium,total_length,integral,3.064243633507888,-0.5896550158383493
medium,mean_diameter,integral,3.6630704104161307,-0.9025450423675272
medium,n_tips,count,10.838023318995674,-0.4584120031251642
medium,n_branch_points,count,4.290736221923846,-0.6265837212448145
medium,n_components,count,4306.65522020679,0.057020757033377785
medium,n_holes,count,26.438174310194068,-0.48801227304601247
medium,fractal_dimension,fitted,3.799415333969739,-0.7748696971359604
medium,lacunarity,integral,1.7696846531703279,-0.9529723065236196
thick,pixel_area,integral,1.9614325731510307,-0.9918030047424768
thick,convex_hull_area,extremum,100.79469109606875,-0.36868952613199346
thick,bounding_depth,extremum,18.138018996690835,-0.4182844176858729
thick,bounding_width,extremum,36.792912698614956,-0.4506860232308037
thick,total_length,integral,5.318723781453758,-0.49324536164444255
thick,mean_diameter,integral,5.613303079772466,-0.8987861894327459
thick,n_tips,count,15.958969757142192,-0.39793565500117045
thick,n_branch_points,count,8.227586957067398,-0.5723650303816556
thick,n_components,count,6443.405241480079,0.002191846082620793
thick,n_holes,count,44.09089475477882,-0.5160391039587421
thick,fractal_dimension,fitted,5.538173383764544,-0.7333809856707535
thick,lacunarity,integral,1.7170168835970918,-0.9696442308763508
thin,pixel_area,integral,2.11307791306744,-0.9693773207965908
thin,convex_hull_area,extremum,44.0237426303189,-0.3822075080402794
thin,bounding_depth,extremum,6.8855296404600335,-0.4653644913849237
thin,bounding_width,extremum,15.070500391041358,-0.43233096972532475
thin,total_length,integral,1.7258651113906691,-0.4940171400547904
thin,mean_diameter,integral,2.4136988715681276,-0.9070115916513647
thin,n_tips,count,12.84977491323652,-0.3568522483404978
thin,n_branch_points,count,2.733208451643408,-0.6051838578722185
thin,n_components,count,2134.417591598197,0.054383697948959
thin,n_holes,count,3.0601936766772226,-0.5156307297765476
thin,fractal_dimension,fitted,2.3131622303815877,-0.7861287617859044
thin,lacunarity,integral,2.606422655785594,-0.8819676430922132
